repo_name,target_API,post_operation,ref_commit,count,commit_urls,critical_variable_role
kernel,argv_split,argv_free,f40fc799afc5,1,https://github.com/torvalds/linux/commit/f40fc799afc5,retval
Kernel,clk_prepare_enable,clk_disable_unprepare,"269effd03f61
f13570e7e830
3c578cd4bc52
ae41d925c75b
375904e39319
62eedb356188
c1e6cad00aa2
950ac33dbe6f
c4ff41b93d1f
e002103b36a6
77adc085aee0",11,"https://github.com/torvalds/linux/commit/269effd03f61
https://github.com/torvalds/linux/commit/f13570e7e830
https://github.com/torvalds/linux/commit/3c578cd4bc52
https://github.com/torvalds/linux/commit/ae41d925c75b
https://github.com/torvalds/linux/commit/375904e39319
https://github.com/torvalds/linux/commit/62eedb356188
https://github.com/torvalds/linux/commit/c1e6cad00aa2
https://github.com/torvalds/linux/commit/950ac33dbe6f
https://github.com/torvalds/linux/commit/c4ff41b93d1f
https://github.com/torvalds/linux/commit/e002103b36a6
https://github.com/torvalds/linux/commit/77adc085aee0",arg0
Kernel,ioremap,iounmap,"cbab80464f74
c90af587a9ee
637ed74ff9e8
da4a0f764a60",4,"https://github.com/torvalds/linux/commit/cbab80464f74
https://github.com/torvalds/linux/commit/c90af587a9ee
https://github.com/torvalds/linux/commit/637ed74ff9e8
https://github.com/torvalds/linux/commit/da4a0f764a60",retval
Kernel,device_initialize,put_device,865df9cb122d,1,https://github.com/torvalds/linux/commit/865df9cb122d,arg0
Kernel,kobject_init_and_add,kobject_put,"b5b78a6c8d8c
4ddf4739be6e
7cc31613734c
dc2f832ecb04
0b8e125e2132
8a94644b440e
4d8be4bc94f7
6e6c25283dff
5f5dec07aca7
d8bd8c6e2cfa
b2fe39c248f3
aa8ba13cae31
a068aab42258
450ff8348808
c587aea951a5
e32773357d5c
b9fba67b3806
fe3c60684377
9a4f26cc98d8
7e8039795a80
0267ffce562c
fe396ad8e752",22,"https://github.com/torvalds/linux/commit/b5b78a6c8d8c
https://github.com/torvalds/linux/commit/4ddf4739be6e
https://github.com/torvalds/linux/commit/7cc31613734c
https://github.com/torvalds/linux/commit/dc2f832ecb04
https://github.com/torvalds/linux/commit/0b8e125e2132
https://github.com/torvalds/linux/commit/8a94644b440e
https://github.com/torvalds/linux/commit/4d8be4bc94f7
https://github.com/torvalds/linux/commit/6e6c25283dff
https://github.com/torvalds/linux/commit/5f5dec07aca7
https://github.com/torvalds/linux/commit/d8bd8c6e2cfa
https://github.com/torvalds/linux/commit/b2fe39c248f3
https://github.com/torvalds/linux/commit/aa8ba13cae31
https://github.com/torvalds/linux/commit/a068aab42258
https://github.com/torvalds/linux/commit/450ff8348808
https://github.com/torvalds/linux/commit/c587aea951a5
https://github.com/torvalds/linux/commit/e32773357d5c
https://github.com/torvalds/linux/commit/b9fba67b3806
https://github.com/torvalds/linux/commit/fe3c60684377
https://github.com/torvalds/linux/commit/9a4f26cc98d8
https://github.com/torvalds/linux/commit/7e8039795a80
https://github.com/torvalds/linux/commit/0267ffce562c
https://github.com/torvalds/linux/commit/fe396ad8e752",arg0
Kernel,of_find_compatible_node,of_node_put,"1731e14fb302
5f8c183a996b
c9ec1d8fef31
44b9f86cd41d
567177024e03
5eb8ba90958d
28ec2238f37e
7f5eac5934d7
11177e7a7aae
81646a3d39ef
b623fa320f83
2274d8001fbb
dbc3c6295195
25633d1f5dd7
8b1a3c0ba9b1
cb5ae504f201
5062d46e2698
d93171b54cb4
680fbce52816
7d8f9ac16223
d3e669f31ec3
67c3e59443f5
a5911ac5790a
9eca796ee385
cee82eb95320
b1725c9319aa
cf363518ca44
05f25abcf604
5aac4d73dc23
8d726c512829
9b4eedf62704
db20a90a4b67
e7beeab9c615
a3c24050bdf7",34,"https://github.com/torvalds/linux/commit/1731e14fb302
https://github.com/torvalds/linux/commit/5f8c183a996b
https://github.com/torvalds/linux/commit/c9ec1d8fef31
https://github.com/torvalds/linux/commit/44b9f86cd41d
https://github.com/torvalds/linux/commit/567177024e03
https://github.com/torvalds/linux/commit/5eb8ba90958d
https://github.com/torvalds/linux/commit/28ec2238f37e
https://github.com/torvalds/linux/commit/7f5eac5934d7
https://github.com/torvalds/linux/commit/11177e7a7aae
https://github.com/torvalds/linux/commit/81646a3d39ef
https://github.com/torvalds/linux/commit/b623fa320f83
https://github.com/torvalds/linux/commit/2274d8001fbb
https://github.com/torvalds/linux/commit/dbc3c6295195
https://github.com/torvalds/linux/commit/25633d1f5dd7
https://github.com/torvalds/linux/commit/8b1a3c0ba9b1
https://github.com/torvalds/linux/commit/cb5ae504f201
https://github.com/torvalds/linux/commit/5062d46e2698
https://github.com/torvalds/linux/commit/d93171b54cb4
https://github.com/torvalds/linux/commit/680fbce52816
https://github.com/torvalds/linux/commit/7d8f9ac16223
https://github.com/torvalds/linux/commit/d3e669f31ec3
https://github.com/torvalds/linux/commit/67c3e59443f5
https://github.com/torvalds/linux/commit/a5911ac5790a
https://github.com/torvalds/linux/commit/9eca796ee385
https://github.com/torvalds/linux/commit/cee82eb95320
https://github.com/torvalds/linux/commit/b1725c9319aa
https://github.com/torvalds/linux/commit/cf363518ca44
https://github.com/torvalds/linux/commit/05f25abcf604
https://github.com/torvalds/linux/commit/5aac4d73dc23
https://github.com/torvalds/linux/commit/8d726c512829
https://github.com/torvalds/linux/commit/9b4eedf62704
https://github.com/torvalds/linux/commit/db20a90a4b67
https://github.com/torvalds/linux/commit/e7beeab9c615
https://github.com/torvalds/linux/commit/a3c24050bdf7",retval
Kernel,of_find_matching_node,of_node_put,"aed5029ead26
47340e46f34a
2eb04ae010a8",3,"https://github.com/torvalds/linux/commit/aed5029ead26
https://github.com/torvalds/linux/commit/47340e46f34a
https://github.com/torvalds/linux/commit/2eb04ae010a8",retval
Kernel,of_find_matching_node_and_match,of_node_put,bc29d3a69d4c,1,https://github.com/torvalds/linux/commit/bc29d3a69d4c,retval
Kernel,of_find_node_by_name,of_node_put,"958a65f205fd
b1259519e618
222bce5eb88d
b684702f6e47
2aaf0a198d7a
29e931c02b0e
151b8c5ba1eb
e702240e8364",8,"https://github.com/torvalds/linux/commit/958a65f205fd
https://github.com/torvalds/linux/commit/b1259519e618
https://github.com/torvalds/linux/commit/222bce5eb88d
https://github.com/torvalds/linux/commit/b684702f6e47
https://github.com/torvalds/linux/commit/2aaf0a198d7a
https://github.com/torvalds/linux/commit/29e931c02b0e
https://github.com/torvalds/linux/commit/151b8c5ba1eb
https://github.com/torvalds/linux/commit/e702240e8364",retval
Kernel,of_find_node_by_phandle,of_node_put,0373721b1921,1,https://github.com/torvalds/linux/commit/0373721b1921,retval
Kernel,of_get_child_by_name,of_node_put,"9430dfa67d76
e2897b8238ab
a28d167fbbef
75eac7b5f68b
667a6b7a620e
e12bfa013c09
d2c50b1cd945
f32eb9d80470
c7262aaace1b
db9ee384f6f7
14bb28b0f91f
44a4455ac2c6
44662f90cda7
1cffb1c66499
483d70d73bea",15,"https://github.com/torvalds/linux/commit/9430dfa67d76
https://github.com/torvalds/linux/commit/e2897b8238ab
https://github.com/torvalds/linux/commit/a28d167fbbef
https://github.com/torvalds/linux/commit/75eac7b5f68b
https://github.com/torvalds/linux/commit/667a6b7a620e
https://github.com/torvalds/linux/commit/e12bfa013c09
https://github.com/torvalds/linux/commit/d2c50b1cd945
https://github.com/torvalds/linux/commit/f32eb9d80470
https://github.com/torvalds/linux/commit/c7262aaace1b
https://github.com/torvalds/linux/commit/db9ee384f6f7
https://github.com/torvalds/linux/commit/14bb28b0f91f
https://github.com/torvalds/linux/commit/44a4455ac2c6
https://github.com/torvalds/linux/commit/44662f90cda7
https://github.com/torvalds/linux/commit/1cffb1c66499
https://github.com/torvalds/linux/commit/483d70d73bea",retval
Kernel,of_get_next_child,of_node_put,"ff7a5a0a8562
3842f5166bf1
342639d996f1
8c3f9bd851a4
915b96191f01
91e0a58e663f
3dc6ddfedc28",7,"https://github.com/torvalds/linux/commit/ff7a5a0a8562
https://github.com/torvalds/linux/commit/3842f5166bf1
https://github.com/torvalds/linux/commit/342639d996f1
https://github.com/torvalds/linux/commit/8c3f9bd851a4
https://github.com/torvalds/linux/commit/915b96191f01
https://github.com/torvalds/linux/commit/91e0a58e663f
https://github.com/torvalds/linux/commit/3dc6ddfedc28",retval
Kernel,of_get_next_parent,of_node_put,aad8d097c922,1,https://github.com/torvalds/linux/commit/aad8d097c922,retval
Kernel,of_graph_get_remote_node,of_node_put,1a21e5b930e8,1,https://github.com/torvalds/linux/commit/1a21e5b930e8,retval
Kernel,of_graph_get_remote_port_parent,of_node_put,"28b170e88bc0
7e8da343a316
4c6d8fc20b09",3,"https://github.com/torvalds/linux/commit/28b170e88bc0
https://github.com/torvalds/linux/commit/7e8da343a316
https://github.com/torvalds/linux/commit/4c6d8fc20b09",retval
Kernel,of_parse_phandle,of_node_put,"5d950ef3f327
453cafbce5bd
2ca41c176a5d
ec03554f980f
5d97222ae0f5
b244163f2c45
9c52de036bcb
b2e45406e7b7
0ba0f44fd516
349290fc9e76
bd1026c69f12
c9b1eb89197b
54447f1ad734
557e37c05f28
4d55d014c53d
7f73b0b9faa1
64bf74ee7d30
6a5029e66404
8e7446c36ffd
2ab9f5879162
0697a05ff347
5dba51754b04
e8ef1b69a232
9897f79b9f27
027a697677b0
4d41c8cb970c
3427c6f0b6f5
5d5c4c139dd7
fb90fa80452b
29d867e97f7d
6e962bfe56b9
b1c194dcdb14
880b8ffd45bf
24586a35d3ed
8da703dc8d92
64b92de9603f
015105b12183
bdf767cae3dd
fa3a419d2f67
99e5a8df8b36
278d744c46fd
b35c0e454394
c705247136a5
b2fc2c92d2fd
81a081fff7f3
2ae2c3316fb7
0b646fd1b196
1eb8e4e2b35b
02d15f0d8072
3c89c70634bb
2c41cc0be07b
b2cdd8e1b548
0d8f3c67151f
7f736599d632
d6a2d16bec25
3addaba8141b
c795f3052b60
d4e4da00b680
6d5fa28c13b9
f33dd64a93ba
3b8e64f6f8e2",61,"https://github.com/torvalds/linux/commit/5d950ef3f327
https://github.com/torvalds/linux/commit/453cafbce5bd
https://github.com/torvalds/linux/commit/2ca41c176a5d
https://github.com/torvalds/linux/commit/ec03554f980f
https://github.com/torvalds/linux/commit/5d97222ae0f5
https://github.com/torvalds/linux/commit/b244163f2c45
https://github.com/torvalds/linux/commit/9c52de036bcb
https://github.com/torvalds/linux/commit/b2e45406e7b7
https://github.com/torvalds/linux/commit/0ba0f44fd516
https://github.com/torvalds/linux/commit/349290fc9e76
https://github.com/torvalds/linux/commit/bd1026c69f12
https://github.com/torvalds/linux/commit/c9b1eb89197b
https://github.com/torvalds/linux/commit/54447f1ad734
https://github.com/torvalds/linux/commit/557e37c05f28
https://github.com/torvalds/linux/commit/4d55d014c53d
https://github.com/torvalds/linux/commit/7f73b0b9faa1
https://github.com/torvalds/linux/commit/64bf74ee7d30
https://github.com/torvalds/linux/commit/6a5029e66404
https://github.com/torvalds/linux/commit/8e7446c36ffd
https://github.com/torvalds/linux/commit/2ab9f5879162
https://github.com/torvalds/linux/commit/0697a05ff347
https://github.com/torvalds/linux/commit/5dba51754b04
https://github.com/torvalds/linux/commit/e8ef1b69a232
https://github.com/torvalds/linux/commit/9897f79b9f27
https://github.com/torvalds/linux/commit/027a697677b0
https://github.com/torvalds/linux/commit/4d41c8cb970c
https://github.com/torvalds/linux/commit/3427c6f0b6f5
https://github.com/torvalds/linux/commit/5d5c4c139dd7
https://github.com/torvalds/linux/commit/fb90fa80452b
https://github.com/torvalds/linux/commit/29d867e97f7d
https://github.com/torvalds/linux/commit/6e962bfe56b9
https://github.com/torvalds/linux/commit/b1c194dcdb14
https://github.com/torvalds/linux/commit/880b8ffd45bf
https://github.com/torvalds/linux/commit/24586a35d3ed
https://github.com/torvalds/linux/commit/8da703dc8d92
https://github.com/torvalds/linux/commit/64b92de9603f
https://github.com/torvalds/linux/commit/015105b12183
https://github.com/torvalds/linux/commit/bdf767cae3dd
https://github.com/torvalds/linux/commit/fa3a419d2f67
https://github.com/torvalds/linux/commit/99e5a8df8b36
https://github.com/torvalds/linux/commit/278d744c46fd
https://github.com/torvalds/linux/commit/b35c0e454394
https://github.com/torvalds/linux/commit/c705247136a5
https://github.com/torvalds/linux/commit/b2fc2c92d2fd
https://github.com/torvalds/linux/commit/81a081fff7f3
https://github.com/torvalds/linux/commit/2ae2c3316fb7
https://github.com/torvalds/linux/commit/0b646fd1b196
https://github.com/torvalds/linux/commit/1eb8e4e2b35b
https://github.com/torvalds/linux/commit/02d15f0d8072
https://github.com/torvalds/linux/commit/3c89c70634bb
https://github.com/torvalds/linux/commit/2c41cc0be07b
https://github.com/torvalds/linux/commit/b2cdd8e1b548
https://github.com/torvalds/linux/commit/0d8f3c67151f
https://github.com/torvalds/linux/commit/7f736599d632
https://github.com/torvalds/linux/commit/d6a2d16bec25
https://github.com/torvalds/linux/commit/3addaba8141b
https://github.com/torvalds/linux/commit/c795f3052b60
https://github.com/torvalds/linux/commit/d4e4da00b680
https://github.com/torvalds/linux/commit/6d5fa28c13b9
https://github.com/torvalds/linux/commit/f33dd64a93ba
https://github.com/torvalds/linux/commit/3b8e64f6f8e2",retval
Kernel,pm_runtime_enable,pm_runtime_disable,"1b8b68b05d18
b8161cbe55a1
193aa0a04364
ff8107200367
6e4e636e0e3e",5,"https://github.com/torvalds/linux/commit/1b8b68b05d18
https://github.com/torvalds/linux/commit/b8161cbe55a1
https://github.com/torvalds/linux/commit/193aa0a04364
https://github.com/torvalds/linux/commit/ff8107200367
https://github.com/torvalds/linux/commit/6e4e636e0e3e",arg0
Kernel,pm_runtime_get_sync,pm_runtime_put_sync,"37f7212148cf
76255470ffa2
d0675b67b42e
7a790087c1ad
cf7b1c794d2f",5,"https://github.com/torvalds/linux/commit/37f7212148cf
https://github.com/torvalds/linux/commit/76255470ffa2
https://github.com/torvalds/linux/commit/d0675b67b42e
https://github.com/torvalds/linux/commit/7a790087c1ad
https://github.com/torvalds/linux/commit/cf7b1c794d2f",arg0
Kernel,device_register,put_device,"8ab10400a037
0193383a5833
59cca865f21e
f34c25ed78df
ad7725cb43b8
e2c3404523c5
75d87cdf3cef
def1820d25fa
7b3a766c7b9b
71b77697af9e
10b68799b32d",11,"https://github.com/torvalds/linux/commit/8ab10400a037
https://github.com/torvalds/linux/commit/0193383a5833
https://github.com/torvalds/linux/commit/59cca865f21e
https://github.com/torvalds/linux/commit/f34c25ed78df
https://github.com/torvalds/linux/commit/ad7725cb43b8
https://github.com/torvalds/linux/commit/e2c3404523c5
https://github.com/torvalds/linux/commit/75d87cdf3cef
https://github.com/torvalds/linux/commit/def1820d25fa
https://github.com/torvalds/linux/commit/7b3a766c7b9b
https://github.com/torvalds/linux/commit/71b77697af9e
https://github.com/torvalds/linux/commit/10b68799b32d",arg0
Kernel,of_find_device_by_node,put_device,"e2eae09939a8
86e1d5adcef9
3832b78b3ec2
11907e9d3533
0119720a00b2
0b491904f053
8bb678d75954
11493f26856a
83a43ff80a56
8fa857da9744
d9966f1de990
e525db7e4b44
1438cde8fe9c
09cbd1df7d26
f4136863e889
1a26044954a6
1c3816a19487",17,"https://github.com/torvalds/linux/commit/e2eae09939a8
https://github.com/torvalds/linux/commit/86e1d5adcef9
https://github.com/torvalds/linux/commit/3832b78b3ec2
https://github.com/torvalds/linux/commit/11907e9d3533
https://github.com/torvalds/linux/commit/0119720a00b2
https://github.com/torvalds/linux/commit/0b491904f053
https://github.com/torvalds/linux/commit/8bb678d75954
https://github.com/torvalds/linux/commit/11493f26856a
https://github.com/torvalds/linux/commit/83a43ff80a56
https://github.com/torvalds/linux/commit/8fa857da9744
https://github.com/torvalds/linux/commit/d9966f1de990
https://github.com/torvalds/linux/commit/e525db7e4b44
https://github.com/torvalds/linux/commit/1438cde8fe9c
https://github.com/torvalds/linux/commit/09cbd1df7d26
https://github.com/torvalds/linux/commit/f4136863e889
https://github.com/torvalds/linux/commit/1a26044954a6
https://github.com/torvalds/linux/commit/1c3816a19487",retval
Kernel,usb_create_hcd,usb_put_hcd,e5548b05631e,1,https://github.com/torvalds/linux/commit/e5548b05631e,retval
Kernel,video_device_alloc,video_device_release,a2a9b1eceb50,1,https://github.com/torvalds/linux/commit/a2a9b1eceb50,retval
Kernel,opendir,closedir,"8442da1d9f44
946ef2a24523",2,"https://github.com/torvalds/linux/commit/8442da1d9f44
https://github.com/torvalds/linux/commit/946ef2a24523",retval
Kernel,strdup,free,"2eb5dd418034
1abecfcaa7bb",2,"https://github.com/torvalds/linux/commit/2eb5dd418034
https://github.com/torvalds/linux/commit/1abecfcaa7bb",retval
Kernel,sp_get_irqs,sp_free_irqs,a6f8e68e238a,1,https://github.com/torvalds/linux/commit/a6f8e68e238a,arg0
Kernel,of_find_node_by_path,of_node_put,"e2105ca8beb0
1f7aac6eb585
3c81ba9242b7
dac097c4546e
c44c749d3b6f
1861a7f07e02
a8e25c61546b
b8475cbee5ab
47918bc68b74",9,"https://github.com/torvalds/linux/commit/e2105ca8beb0
https://github.com/torvalds/linux/commit/1f7aac6eb585
https://github.com/torvalds/linux/commit/3c81ba9242b7
https://github.com/torvalds/linux/commit/dac097c4546e
https://github.com/torvalds/linux/commit/c44c749d3b6f
https://github.com/torvalds/linux/commit/1861a7f07e02
https://github.com/torvalds/linux/commit/a8e25c61546b
https://github.com/torvalds/linux/commit/b8475cbee5ab
https://github.com/torvalds/linux/commit/47918bc68b74",retval
Kernel,of_get_cpu_node,of_node_put,"a9acc26b75f6
233298032803
b45fd13be340",3,"https://github.com/torvalds/linux/commit/a9acc26b75f6
https://github.com/torvalds/linux/commit/233298032803
https://github.com/torvalds/linux/commit/b45fd13be340",retval
Kernel,of_cpu_device_node_get,of_node_put,"9867999f3a85
446fae2bb539
ddb07fba1c64",3,"https://github.com/torvalds/linux/commit/9867999f3a85
https://github.com/torvalds/linux/commit/446fae2bb539
https://github.com/torvalds/linux/commit/ddb07fba1c64",retval
Kernel,pci_enable_pcie_error_reporting,pci_disable_pcie_error_reporting,"030e4138d11f
49a10c7b1762
dd2aefcd5e37
cb3376604a67
af30cbd2f4d6
33e381448cf7
3002f467a0b0
c19c8c0e666f
458907560842
c6bc9e5ce5d3
e85e14d68f51
fea03b1cebd6",12,"https://github.com/torvalds/linux/commit/030e4138d11f
https://github.com/torvalds/linux/commit/49a10c7b1762
https://github.com/torvalds/linux/commit/dd2aefcd5e37
https://github.com/torvalds/linux/commit/cb3376604a67
https://github.com/torvalds/linux/commit/af30cbd2f4d6
https://github.com/torvalds/linux/commit/33e381448cf7
https://github.com/torvalds/linux/commit/3002f467a0b0
https://github.com/torvalds/linux/commit/c19c8c0e666f
https://github.com/torvalds/linux/commit/458907560842
https://github.com/torvalds/linux/commit/c6bc9e5ce5d3
https://github.com/torvalds/linux/commit/e85e14d68f51
https://github.com/torvalds/linux/commit/fea03b1cebd6",arg0
Kernel,nand_scan,nand_cleanup,"5284024b4dac
34531be5e804
75e9a330a9bd
3d84515ffd8f
9c6c2e5cc771
0f44b3275b37
f51466901c07
154298e2a3f6
be238fbf78e4
8a82bbcadec8
de17cade0e03",11,"https://github.com/torvalds/linux/commit/5284024b4dac
https://github.com/torvalds/linux/commit/34531be5e804
https://github.com/torvalds/linux/commit/75e9a330a9bd
https://github.com/torvalds/linux/commit/3d84515ffd8f
https://github.com/torvalds/linux/commit/9c6c2e5cc771
https://github.com/torvalds/linux/commit/0f44b3275b37
https://github.com/torvalds/linux/commit/f51466901c07
https://github.com/torvalds/linux/commit/154298e2a3f6
https://github.com/torvalds/linux/commit/be238fbf78e4
https://github.com/torvalds/linux/commit/8a82bbcadec8
https://github.com/torvalds/linux/commit/de17cade0e03",arg0
Kernel,pci_get_slot,pci_dev_put,"1523508d6321
3bbfd319034d
0302899e1442
4ba7d0f0eb68",4,"https://github.com/torvalds/linux/commit/1523508d6321
https://github.com/torvalds/linux/commit/3bbfd319034d
https://github.com/torvalds/linux/commit/0302899e1442
https://github.com/torvalds/linux/commit/4ba7d0f0eb68",retval
Kernel,i915_gem_context_get_vm_rcu,i915_vm_put,"5d5e100a2034
e07c7606a00c",2,"https://github.com/torvalds/linux/commit/5d5e100a2034
https://github.com/torvalds/linux/commit/e07c7606a00c",retval
Kernel,x25_get_neigh,x25_neigh_put,"76975f8a3186
f35d12971b4d",2,"https://github.com/torvalds/linux/commit/76975f8a3186
https://github.com/torvalds/linux/commit/f35d12971b4d",retval
Kernel,spi_alloc_master,spi_master_put,"866c0f25d2dc
d3b0ffa1d75d",2,"https://github.com/torvalds/linux/commit/866c0f25d2dc
https://github.com/torvalds/linux/commit/d3b0ffa1d75d",retval
Kernel,ath9k_hw_rf_alloc_ext_banks,ath9k_hw_rf_free_ext_banks,48a7c3df14d0,1,https://github.com/torvalds/linux/commit/48a7c3df14d0,arg0
Kernel,pci_get_device,pci_dev_put,"625fcaf97340
55c45a3ad8e5
d94762989103",3,"https://github.com/torvalds/linux/commit/625fcaf97340
https://github.com/torvalds/linux/commit/55c45a3ad8e5
https://github.com/torvalds/linux/commit/d94762989103",retval
Kernel,drm_dp_mst_topology_get_port_validated,drm_dp_mst_topology_put_port,a34a0a632dd9,1,https://github.com/torvalds/linux/commit/a34a0a632dd9,retval
Kernel,i3c_ccc_cmd_dest_init,i3c_ccc_cmd_dest_cleanup,7afe9a4e5665,1,https://github.com/torvalds/linux/commit/7afe9a4e5665,arg0
Kernel,input_mt_init_slots,input_mt_destroy_slots,b7429ea53d6c,1,https://github.com/torvalds/linux/commit/b7429ea53d6c,arg0
Kernel,framebuffer_alloc,framebuffer_release,"f35691062a13
5bdea6060618",2,"https://github.com/torvalds/linux/commit/f35691062a13
https://github.com/torvalds/linux/commit/5bdea6060618",retval
Kernel,i2c_hid_alloc_buffers,i2c_hid_free_buffers,3c62602434c1,1,https://github.com/torvalds/linux/commit/3c62602434c1,arg0
Kernel,usb_autopm_get_interface,usb_autopm_put_interface,9c23aa51477a,1,https://github.com/torvalds/linux/commit/9c23aa51477a,arg0
Kernel,alloc_ud_wq_attr,free_ud_wq_attr,90a239ee25fa,1,https://github.com/torvalds/linux/commit/90a239ee25fa,arg0
Kernel,nfs_direct_req_alloc,nfs_direct_req_release,8605cf0e852a,1,https://github.com/torvalds/linux/commit/8605cf0e852a,retval
Kernel,bpf_jit_binary_alloc,bpf_jit_binary_free,f605ce5eb26a,1,https://github.com/torvalds/linux/commit/f605ce5eb26a,retval
Kernel,btrfs_lookup_block_group,btrfs_put_block_group,f6033c5e3332,1,https://github.com/torvalds/linux/commit/f6033c5e3332,retval
Kernel,clk_get,clk_put,"b722dbf176b6
f6281f6684d6
580d952e44de
0057f1809d44
7febe2be3603
6ba1a31ef146
bbcc32856104
882f5815de0c",8,"https://github.com/torvalds/linux/commit/b722dbf176b6
https://github.com/torvalds/linux/commit/f6281f6684d6
https://github.com/torvalds/linux/commit/580d952e44de
https://github.com/torvalds/linux/commit/0057f1809d44
https://github.com/torvalds/linux/commit/7febe2be3603
https://github.com/torvalds/linux/commit/6ba1a31ef146
https://github.com/torvalds/linux/commit/bbcc32856104
https://github.com/torvalds/linux/commit/882f5815de0c",retval
Kernel,perf_session__new,perf_session__delete,ffc52b7ae5e6,1,https://github.com/torvalds/linux/commit/ffc52b7ae5e6,arg0
Kernel,pci_alloc_irq_vectors,pci_free_irq_vectors,1492623e837f,1,https://github.com/torvalds/linux/commit/1492623e837f,arg0
Kernel,pci_alloc_host_bridge,pci_free_host_bridge,f01fc4177352,1,https://github.com/torvalds/linux/commit/f01fc4177352,retval
Kernel,nf_conntrack_init_net,nf_conntrack_cleanup_net,ac088a88b5d5,1,https://github.com/torvalds/linux/commit/ac088a88b5d5,arg0
Kernel,arm_smmu_rpm_get,arm_smmu_rpm_put,7c8f176d6a3f,1,https://github.com/torvalds/linux/commit/7c8f176d6a3f,arg0
Kernel,ipoib_cm_dev_init,ipoib_cm_dev_cleanup,6958e827f187,1,https://github.com/torvalds/linux/commit/6958e827f187,arg0
Kernel,class_find_device,put_device,"49d2ca84e433
3ed7897242b7
c090959b9dd8
0f303db08df0
0e1614ac84f1
4ce30874f561",6,"https://github.com/torvalds/linux/commit/49d2ca84e433
https://github.com/torvalds/linux/commit/3ed7897242b7
https://github.com/torvalds/linux/commit/c090959b9dd8
https://github.com/torvalds/linux/commit/0f303db08df0
https://github.com/torvalds/linux/commit/0e1614ac84f1
https://github.com/torvalds/linux/commit/4ce30874f561",retval
Kernel,xfrm_init_state,xfrm_state_put,553f9118abc4,1,https://github.com/torvalds/linux/commit/553f9118abc4,arg0
Kernel,batadv_hardif_get_by_netdev,batadv_hardif_put,f872de8185ac,1,https://github.com/torvalds/linux/commit/f872de8185ac,retval
Kernel,scsi_alloc_queue,scsi_free_queue,f7c9c6bb14f3,1,https://github.com/torvalds/linux/commit/f7c9c6bb14f3,arg0
Kernel,aead_request_alloc,aead_request_free,6af1f93e2a01,1,https://github.com/torvalds/linux/commit/6af1f93e2a01,retval
Kernel,mtk_hsdma_init,mtk_hsdma_uninit,d887d6104ade,1,https://github.com/torvalds/linux/commit/d887d6104ade,arg0
Kernel,pci_get_dev_by_id,pci_dev_put,d5af7d987a49,1,https://github.com/torvalds/linux/commit/d5af7d987a49,retval
Kernel,ieee80211_alloc_hw,ieee80211_free_hw,9a25344d5177,1,https://github.com/torvalds/linux/commit/9a25344d5177,retval
Kernel,kvm_vcpu_init,kvm_vcpu_uninit,585bb8f9a5e5,1,https://github.com/torvalds/linux/commit/585bb8f9a5e5,arg0
Kernel,in_dev_get,in_dev_put,963916fdb3e5,1,https://github.com/torvalds/linux/commit/963916fdb3e5,retval
Kernel,input_allocate_device,input_free_device,0e3d0f3d960b,1,https://github.com/torvalds/linux/commit/0e3d0f3d960b,retval
Kernel,configfs_get_config_item,config_item_put,8aebfffacfa3,1,https://github.com/torvalds/linux/commit/8aebfffacfa3,retval
Kernel,btf__new,btf__free,88c42f4d6cb2,1,https://github.com/torvalds/linux/commit/88c42f4d6cb2,retval
Kernel,btrfs_alloc_path,btrfs_free_path,9ca2e97fa3c3,1,https://github.com/torvalds/linux/commit/9ca2e97fa3c3,retval
Kernel,dma_fence_get,dma_fence_put,"11425c4519e2
37cc4b95d13f",2,"https://github.com/torvalds/linux/commit/11425c4519e2
https://github.com/torvalds/linux/commit/37cc4b95d13f",retval
Kernel,cfg80211_get_bss,cfg80211_put_bss,d93089df1b75,1,https://github.com/torvalds/linux/commit/d93089df1b75,retval
Kernel,aa_get_current_label,aa_put_label,a0b845ffa0d9,1,https://github.com/torvalds/linux/commit/a0b845ffa0d9,retval
Kernel,of_node_get,of_node_put,"ddb64c5db3cc
25850c31c8b5",2,"https://github.com/torvalds/linux/commit/ddb64c5db3cc
https://github.com/torvalds/linux/commit/25850c31c8b5",retval
Kernel,fpga_region_get,fpga_region_put,e73bbf64907c,1,https://github.com/torvalds/linux/commit/e73bbf64907c,retval
Kernel,nfs_alloc_fattr,nfs_free_fattr,878215feb8b2,1,https://github.com/torvalds/linux/commit/878215feb8b2,retval
Kernel,fuse_request_alloc,fuse_request_free,17e18ab6ff6e,1,https://github.com/torvalds/linux/commit/17e18ab6ff6e,retval
Kernel,ablkcipher_request_alloc,ablkcipher_request_free,7efd95f6270e,1,https://github.com/torvalds/linux/commit/7efd95f6270e,retval
Kernel,tipc_aead_get,tipc_aead_put,441870ee4240,1,https://github.com/torvalds/linux/commit/441870ee4240,retval
Kernel,usb_get_intf,usb_put_intf,514e97674400,1,https://github.com/torvalds/linux/commit/514e97674400,arg0
Kernel,usb_get_urb,usb_put_urb,7717cbec172c,1,https://github.com/torvalds/linux/commit/7717cbec172c,arg0
Kernel,get_tracing_file,put_tracing_file,6706ccf8e776,1,https://github.com/torvalds/linux/commit/6706ccf8e776,retval
Kernel,svc_xprt_get,svc_xprt_put,a4abc6b12eb1,1,https://github.com/torvalds/linux/commit/a4abc6b12eb1,arg0
Kernel,sp_get_irqs,sp_free_irqs,a6f8e68e238a,1,https://github.com/torvalds/linux/commit/a6f8e68e238a,arg0
Kernel,tty_kref_get,tty_kref_put,58af3d3d54e8,1,https://github.com/torvalds/linux/commit/58af3d3d54e8,arg0
Kernel,tty_port_tty_get,tty_kref_put,f3a756883ac0,1,https://github.com/torvalds/linux/commit/f3a756883ac0,retval
Kernel,get_pid_ns,put_pid_ns,24c037ebf572,1,https://github.com/torvalds/linux/commit/24c037ebf572,arg0
Kernel,wq_init_lockdep,wq_free_lockdep,009bb421b6ce,1,https://github.com/torvalds/linux/commit/009bb421b6ce,arg0
Kernel,lpfc_nlp_init,lpfc_nlp_put,7217e6e694da,1,https://github.com/torvalds/linux/commit/7217e6e694da,retval
Kernel,pm_runtime_get,pm_runtime_put,157282a5c627,1,https://github.com/torvalds/linux/commit/157282a5c627,arg0
Kernel,of_get_parent,of_node_put,"094efbe748c2
842decbd6741",2,"https://github.com/torvalds/linux/commit/094efbe748c2
https://github.com/torvalds/linux/commit/842decbd6741",retval
Kernel,ulist_alloc,ulist_free,"d737278091fc
26ef8493e1ab",2,"https://github.com/torvalds/linux/commit/d737278091fc
https://github.com/torvalds/linux/commit/26ef8493e1ab",retval
Kernel,cpudl_init,cpudl_cleanup,4b12db939166,1,https://github.com/torvalds/linux/commit/4b12db939166,arg0
Kernel,rproc_alloc,rproc_free,de6f83f85be9,1,https://github.com/torvalds/linux/commit/de6f83f85be9,retval
Kernel,get_mapping,put_mapping,"e3436ce60cf5
57a66838e149",2,"https://github.com/torvalds/linux/commit/e3436ce60cf5
https://github.com/torvalds/linux/commit/57a66838e149",retval
Kernel,alloc_eip_netdev,free_netdev,3390712a474a,1,https://github.com/torvalds/linux/commit/3390712a474a,retval
Kernel,pci_get_domain_bus_and_slot,pci_dev_put,bfc978fa5f30,1,https://github.com/torvalds/linux/commit/bfc978fa5f30,retval
Kernel,alloc_domain,free_domain_mem,d2900bd63f65,1,https://github.com/torvalds/linux/commit/d2900bd63f65,retval
Kernel,of_graph_get_next_endpoint,of_node_put,d4b9efa3b9aa,1,https://github.com/torvalds/linux/commit/d4b9efa3b9aa,retval
Kernel,regulator_enable,regulator_disable,"1d0d3d818eaf
7f70be6e4025
bbcf40816b54
dcb014582101",4,"https://github.com/torvalds/linux/commit/1d0d3d818eaf
https://github.com/torvalds/linux/commit/7f70be6e4025
https://github.com/torvalds/linux/commit/bbcf40816b54
https://github.com/torvalds/linux/commit/dcb014582101",arg0
Kernel,vmalloc,vfree,"86aa04f4c221
b8969d1a506c
725a28290a53",3,"https://github.com/torvalds/linux/commit/86aa04f4c221
https://github.com/torvalds/linux/commit/b8969d1a506c
https://github.com/torvalds/linux/commit/725a28290a53",retval
Kernel,kcalloc,kfree,"e027a2dea5fd
2c231c0c1dec",2,"https://github.com/torvalds/linux/commit/e027a2dea5fd
https://github.com/torvalds/linux/commit/2c231c0c1dec",retval
Kernel,pci_enable_device,pci_disable_device,"eb69c5bf8273
7f436b534d5a
b11d207fb229",3,"https://github.com/torvalds/linux/commit/eb69c5bf8273
https://github.com/torvalds/linux/commit/7f436b534d5a
https://github.com/torvalds/linux/commit/b11d207fb229",arg0
Kernel,usb_get_gadget_udc_name,kfree,87bed3d7d26c,1,https://github.com/torvalds/linux/commit/87bed3d7d26c,retval
Kernel,kobject_get_path,kfree,bf7f547ecdd7,1,https://github.com/torvalds/linux/commit/bf7f547ecdd7,retval
Kernel,kstrdup,kfree,"44ef3a032528
eb29835fb3ae
67100f255dba
c24e9b3fa3fd",4,"https://github.com/torvalds/linux/commit/44ef3a032528
https://github.com/torvalds/linux/commit/eb29835fb3ae
https://github.com/torvalds/linux/commit/67100f255dba
https://github.com/torvalds/linux/commit/c24e9b3fa3fd",retval
Kernel,kmalloc,kfree,"b5c103f20f0f
ec2058ac8f50
fa865ba183d6
1b3859bc9e20
e7bf90e5afe3
f311ade3a7ad
7992e00469c4
fba704b494fd
ce4d8b16e64d
dfac77baa283
2f6451ed8b52
155e4e12b9f4
59e89f3a091d
0fbf8ed976af
2393c944d5d6
3f61cd879c2f
c7cd7c748a32
cb5173594d50
20fb4eb96fb0
d82d418a3af4
07fb75a50600",21,"https://github.com/torvalds/linux/commit/b5c103f20f0f
https://github.com/torvalds/linux/commit/ec2058ac8f50
https://github.com/torvalds/linux/commit/fa865ba183d6
https://github.com/torvalds/linux/commit/1b3859bc9e20
https://github.com/torvalds/linux/commit/e7bf90e5afe3
https://github.com/torvalds/linux/commit/f311ade3a7ad
https://github.com/torvalds/linux/commit/7992e00469c4
https://github.com/torvalds/linux/commit/fba704b494fd
https://github.com/torvalds/linux/commit/ce4d8b16e64d
https://github.com/torvalds/linux/commit/dfac77baa283
https://github.com/torvalds/linux/commit/2f6451ed8b52
https://github.com/torvalds/linux/commit/155e4e12b9f4
https://github.com/torvalds/linux/commit/59e89f3a091d
https://github.com/torvalds/linux/commit/0fbf8ed976af
https://github.com/torvalds/linux/commit/2393c944d5d6
https://github.com/torvalds/linux/commit/3f61cd879c2f
https://github.com/torvalds/linux/commit/c7cd7c748a32
https://github.com/torvalds/linux/commit/cb5173594d50
https://github.com/torvalds/linux/commit/20fb4eb96fb0
https://github.com/torvalds/linux/commit/d82d418a3af4
https://github.com/torvalds/linux/commit/07fb75a50600",retval
Kernel,zfcp_get_port_by_wwpn,put_device,d27e5e07f9c4,1,https://github.com/torvalds/linux/commit/d27e5e07f9c4,retval
Kernel,bus_find_device_by_name,put_device,"17ae1c650c1e
722f191080de
dd5a8f20c287",3,"https://github.com/torvalds/linux/commit/17ae1c650c1e
https://github.com/torvalds/linux/commit/722f191080de
https://github.com/torvalds/linux/commit/dd5a8f20c287",retval
Kernel,of_phy_find_device,put_device,"cb1f3410ff12
fd05d7b18cec
0da60541f8a7",3,"https://github.com/torvalds/linux/commit/cb1f3410ff12
https://github.com/torvalds/linux/commit/fd05d7b18cec
https://github.com/torvalds/linux/commit/0da60541f8a7",retval
Kernel,atm_dev_lookup,atm_dev_put,"b9556f9a1abd
51875dad43b4",2,"https://github.com/torvalds/linux/commit/b9556f9a1abd
https://github.com/torvalds/linux/commit/51875dad43b4",retval
Kernel,blk_throtl_init,blk_throtl_exit,"27029b4b18aa
6f5ddde41069",2,"https://github.com/torvalds/linux/commit/27029b4b18aa
https://github.com/torvalds/linux/commit/6f5ddde41069",arg0
Kernel,spi_bitbang_start,spi_bitbang_stop,"8197f489f4c4
4e21791e741c",2,"https://github.com/torvalds/linux/commit/8197f489f4c4
https://github.com/torvalds/linux/commit/4e21791e741c",arg0
Kernel,mtk_hsdma_hw_init,mtk_hsdma_hw_deinit,33cbd54dc515,1,https://github.com/torvalds/linux/commit/33cbd54dc515,arg0
Kernel,snd_dmaengine_pcm_register,snd_dmaengine_pcm_unregister,7506baeed8d0,1,https://github.com/torvalds/linux/commit/7506baeed8d0,arg0
Kernel,ipoib_ib_dev_open,ipoib_ib_dev_stop,267ee88ed34c,1,https://github.com/torvalds/linux/commit/267ee88ed34c,arg0
Kernel,mlxsw_sp_fid_8021d_lookup,mlxsw_sp_fid_put,f58a83c207b7,1,https://github.com/torvalds/linux/commit/f58a83c207b7,retval
Kernel,snd_soc_register_codec,snd_soc_unregister_codec,62f5ad6733b8,1,https://github.com/torvalds/linux/commit/62f5ad6733b8,arg0
Kernel,uniphier_sd_clk_enable,uniphier_sd_clk_disable,b03aec1c1f33,1,https://github.com/torvalds/linux/commit/b03aec1c1f33,arg0
Kernel,bus_find_device,put_device,"3ae30f4ce65e
fe0f3168169f",2,"https://github.com/torvalds/linux/commit/3ae30f4ce65e
https://github.com/torvalds/linux/commit/fe0f3168169f",retval
Kernel,of_clk_add_provider,of_clk_del_provider,850280156f64,1,https://github.com/torvalds/linux/commit/850280156f64,arg0
Kernel,tps65910_irq_init,tps65910_irq_exit,742766aac563,1,https://github.com/torvalds/linux/commit/742766aac563,arg0
Kernel,hid_allocate_device,hid_destroy_device,6e0856d31744,1,https://github.com/torvalds/linux/commit/6e0856d31744,retval
Kernel,dspi_request_dma,dspi_release_dma,680ec0549a05,1,https://github.com/torvalds/linux/commit/680ec0549a05,arg0
Kernel,hid_hw_start,hid_hw_stop,b30d89d1055f,1,https://github.com/torvalds/linux/commit/b30d89d1055f,arg0
Kernel,apei_resources_init,apei_resources_fini,3a03d126ece4,1,https://github.com/torvalds/linux/commit/3a03d126ece4,arg0
Kernel,nfp_nsp_has_hwinfo_lookup,nfp_nsp_close,bd4af432cc71,1,https://github.com/torvalds/linux/commit/bd4af432cc71,retval
Kernel,tipc_node_find,tipc_node_put,de058420767d,1,https://github.com/torvalds/linux/commit/de058420767d,retval
Kernel,host1x_debug_init,host1x_debug_deinit,109be8b23fb2,1,https://github.com/torvalds/linux/commit/109be8b23fb2,arg0
Kernel,bdc_phy_init,bdc_phy_exit,d2f42e09393c,1,https://github.com/torvalds/linux/commit/d2f42e09393c,arg0
Kernel,auth_domain_find,auth_domain_put,53e6d8d182e9,1,https://github.com/torvalds/linux/commit/53e6d8d182e9,retval
Kernel,auth_domain_find,auth_domain_put,53e6d8d182e9,1,https://github.com/torvalds/linux/commit/53e6d8d182e9,retval
Kernel,input_register_device,input_unregister_device,746b31a9d4e0,1,https://github.com/torvalds/linux/commit/746b31a9d4e0,arg0
Kernel,irq_request_resources,irq_release_resources,fa07ab72cbb0,1,https://github.com/torvalds/linux/commit/fa07ab72cbb0,arg0
Kernel,ocelot_init,ocelot_deinit,f87675b836b3,1,https://github.com/torvalds/linux/commit/f87675b836b3,arg0
Kernel,mddev_find,mddev_put,9bbbca3a0ee0,1,https://github.com/torvalds/linux/commit/9bbbca3a0ee0,retval
Kernel,kasprintf,kfree,"60e2dde1e91a
2aacace6dbbb
21e863b23355
2899872b627e",4,"https://github.com/torvalds/linux/commit/60e2dde1e91a
https://github.com/torvalds/linux/commit/2aacace6dbbb
https://github.com/torvalds/linux/commit/21e863b23355
https://github.com/torvalds/linux/commit/2899872b627e",retval
Kernel,va_start,va_end,69be4efeb959,1,https://github.com/torvalds/linux/commit/69be4efeb959,arg0
Kernel,of_find_all_nodes,of_node_put,af449c330eb3,1,https://github.com/torvalds/linux/commit/af449c330eb3,retval
Kernel,sugov_kthread_create,sugov_policy_free,1b5d43cfb697,1,https://github.com/torvalds/linux/commit/1b5d43cfb697,arg0
Kernel,d_find_alias,dput,"b334b64862ef
77516dc92a14
52eb5a900a98
0f9831a89310",4,"https://github.com/torvalds/linux/commit/b334b64862ef
https://github.com/torvalds/linux/commit/77516dc92a14
https://github.com/torvalds/linux/commit/52eb5a900a98
https://github.com/torvalds/linux/commit/0f9831a89310",retval
QEMU,g_strdup_printf,g_free,"a7afc6b8c13c
3f5f5d04cdc8
8829e16f5ef7
6273d1136af9
638be47830ec
c0c24b95542b
15cea92d9e8a
6afff1ffa369
890241ab6942
e313d5cec564
2607b660e9b9
84b5d556dc29
f3f8e8115095
1e2713384c58
69179fe2fc0b
1b38ccc9a1fa
00a014ac01fe
aee63b07fd1c
82e258db15dc
7a35383afd66",20,"https://github.com/qemu/qemu/commit/a7afc6b8c13c
https://github.com/qemu/qemu/commit/3f5f5d04cdc8
https://github.com/qemu/qemu/commit/8829e16f5ef7
https://github.com/qemu/qemu/commit/6273d1136af9
https://github.com/qemu/qemu/commit/638be47830ec
https://github.com/qemu/qemu/commit/c0c24b95542b
https://github.com/qemu/qemu/commit/15cea92d9e8a
https://github.com/qemu/qemu/commit/6afff1ffa369
https://github.com/qemu/qemu/commit/890241ab6942
https://github.com/qemu/qemu/commit/e313d5cec564
https://github.com/qemu/qemu/commit/2607b660e9b9
https://github.com/qemu/qemu/commit/84b5d556dc29
https://github.com/qemu/qemu/commit/f3f8e8115095
https://github.com/qemu/qemu/commit/1e2713384c58
https://github.com/qemu/qemu/commit/69179fe2fc0b
https://github.com/qemu/qemu/commit/1b38ccc9a1fa
https://github.com/qemu/qemu/commit/00a014ac01fe
https://github.com/qemu/qemu/commit/aee63b07fd1c
https://github.com/qemu/qemu/commit/82e258db15dc
https://github.com/qemu/qemu/commit/7a35383afd66",retval
QEMU,g_malloc0,g_free,"bb8136df698b
ed2f3bc1fad3
903c341d5742
5b4c95d0a377
b58c86e1e4cd
b6aa6cedf481
ce72f11274f6
c7ee8f683d93
f767b1ac5766
13289fb5a716
ab0997e0afdc",11,"https://github.com/qemu/qemu/commit/bb8136df698b
https://github.com/qemu/qemu/commit/ed2f3bc1fad3
https://github.com/qemu/qemu/commit/903c341d5742
https://github.com/qemu/qemu/commit/5b4c95d0a377
https://github.com/qemu/qemu/commit/b58c86e1e4cd
https://github.com/qemu/qemu/commit/b6aa6cedf481
https://github.com/qemu/qemu/commit/ce72f11274f6
https://github.com/qemu/qemu/commit/c7ee8f683d93
https://github.com/qemu/qemu/commit/f767b1ac5766
https://github.com/qemu/qemu/commit/13289fb5a716
https://github.com/qemu/qemu/commit/ab0997e0afdc",retval
QEMU,g_malloc,g_free,"574b8304cfcc
baf905e580ab
9e6337d08186
2828a307232f
80cba1b71eb9
4ffcdef4277a
158b9aa568ea
91a9ecefb6d7
095ed5be7b61
7b43db3cd08f
16a2227893dc",11,"https://github.com/qemu/qemu/commit/574b8304cfcc
https://github.com/qemu/qemu/commit/baf905e580ab
https://github.com/qemu/qemu/commit/9e6337d08186
https://github.com/qemu/qemu/commit/2828a307232f
https://github.com/qemu/qemu/commit/80cba1b71eb9
https://github.com/qemu/qemu/commit/4ffcdef4277a
https://github.com/qemu/qemu/commit/158b9aa568ea
https://github.com/qemu/qemu/commit/91a9ecefb6d7
https://github.com/qemu/qemu/commit/095ed5be7b61
https://github.com/qemu/qemu/commit/7b43db3cd08f
https://github.com/qemu/qemu/commit/16a2227893dc",retval
QEMU,g_new0,g_free,"2bf9febc95e5
fc6008f37a6f
0e01b76e7cc4
ef0efa1a0456
28bb0a59f84c
a209f4615c68
323e7c117754
0072d2a9fce4",8,"https://github.com/qemu/qemu/commit/2bf9febc95e5
https://github.com/qemu/qemu/commit/fc6008f37a6f
https://github.com/qemu/qemu/commit/0e01b76e7cc4
https://github.com/qemu/qemu/commit/ef0efa1a0456
https://github.com/qemu/qemu/commit/28bb0a59f84c
https://github.com/qemu/qemu/commit/a209f4615c68
https://github.com/qemu/qemu/commit/323e7c117754
https://github.com/qemu/qemu/commit/0072d2a9fce4",retval
QEMU,open,close,"5c3ece79cd0b
d9c745c17687
e3fce97cf500
8ce1ee4618f4
fed414df9dc9
680dfde91981
8d98734651a8",7,"https://github.com/qemu/qemu/commit/5c3ece79cd0b
https://github.com/qemu/qemu/commit/d9c745c17687
https://github.com/qemu/qemu/commit/e3fce97cf500
https://github.com/qemu/qemu/commit/8ce1ee4618f4
https://github.com/qemu/qemu/commit/fed414df9dc9
https://github.com/qemu/qemu/commit/680dfde91981
https://github.com/qemu/qemu/commit/8d98734651a8",retval
QEMU,object_get_canonical_path_component,g_free,"2920bd644e8c
cdcab9d94101
ea3d77c889cf
586d2142a9f1
5348c62cab30",5,"https://github.com/qemu/qemu/commit/2920bd644e8c
https://github.com/qemu/qemu/commit/cdcab9d94101
https://github.com/qemu/qemu/commit/ea3d77c889cf
https://github.com/qemu/qemu/commit/586d2142a9f1
https://github.com/qemu/qemu/commit/5348c62cab30",retval
QEMU,tcg_temp_new_i64,tcg_temp_free_i64,"a825aefbc2ad
bbf9f3b4d432
a4f67e180def
225b6af7cd50",4,"https://github.com/qemu/qemu/commit/a825aefbc2ad
https://github.com/qemu/qemu/commit/bbf9f3b4d432
https://github.com/qemu/qemu/commit/a4f67e180def
https://github.com/qemu/qemu/commit/225b6af7cd50",retval
QEMU,qcrypto_cipher_new,qcrypto_cipher_free,"60928458e5ee
b640adca9f6a",2,"https://github.com/qemu/qemu/commit/60928458e5ee
https://github.com/qemu/qemu/commit/b640adca9f6a",retval
QEMU,usb_mtp_data_alloc,usb_mtp_data_free,2dc7fdf33d28,1,https://github.com/qemu/qemu/commit/2dc7fdf33d28,retval
QEMU,calloc,free,"b1b1dad31f3a
501bb4b0cb1d
1afec9138f84
7078dead94a2",4,"https://github.com/qemu/qemu/commit/b1b1dad31f3a
https://github.com/qemu/qemu/commit/501bb4b0cb1d
https://github.com/qemu/qemu/commit/1afec9138f84
https://github.com/qemu/qemu/commit/7078dead94a2",retval
QEMU,socket,close,"eb3f45c5af26
bb16172c52ac
a7e47d4bfcbf
10a2158f5279
660edd4eda90
88ea8ed74cb6
dbb864ba4f7b
9cd7dde0730e
6fa249027f97",9,"https://github.com/qemu/qemu/commit/eb3f45c5af26
https://github.com/qemu/qemu/commit/bb16172c52ac
https://github.com/qemu/qemu/commit/a7e47d4bfcbf
https://github.com/qemu/qemu/commit/10a2158f5279
https://github.com/qemu/qemu/commit/660edd4eda90
https://github.com/qemu/qemu/commit/88ea8ed74cb6
https://github.com/qemu/qemu/commit/dbb864ba4f7b
https://github.com/qemu/qemu/commit/9cd7dde0730e
https://github.com/qemu/qemu/commit/6fa249027f97",retval
QEMU,qemu_find_file,g_free,"9cf1f002d776
2343dd11a673
c2c17a245127
8684e85ca911
f19377bf234a
c18f855697ab
22b2aeb82c81
d71cdbfd540d",8,"https://github.com/qemu/qemu/commit/9cf1f002d776
https://github.com/qemu/qemu/commit/2343dd11a673
https://github.com/qemu/qemu/commit/c2c17a245127
https://github.com/qemu/qemu/commit/8684e85ca911
https://github.com/qemu/qemu/commit/f19377bf234a
https://github.com/qemu/qemu/commit/c18f855697ab
https://github.com/qemu/qemu/commit/22b2aeb82c81
https://github.com/qemu/qemu/commit/d71cdbfd540d",retval
QEMU,g_new,g_free,"87c258cd1e1c
0fd76bc51b55",2,"https://github.com/qemu/qemu/commit/87c258cd1e1c
https://github.com/qemu/qemu/commit/0fd76bc51b55",retval
QEMU,tcg_temp_local_new,tcg_temp_free,9acc95cdd309,1,https://github.com/qemu/qemu/commit/9acc95cdd309,retval
QEMU,opts_visitor_new,opts_visitor_cleanup,044d65525f6a,1,https://github.com/qemu/qemu/commit/044d65525f6a,retval
QEMU,tcg_temp_new,tcg_temp_free,"5c8f44b7dbde
6eb223104c4e
96342d53a881
f4349ba966ab
e691e0ed135a",5,"https://github.com/qemu/qemu/commit/5c8f44b7dbde
https://github.com/qemu/qemu/commit/6eb223104c4e
https://github.com/qemu/qemu/commit/96342d53a881
https://github.com/qemu/qemu/commit/f4349ba966ab
https://github.com/qemu/qemu/commit/e691e0ed135a",retval
QEMU,qemu_aio_get,qemu_aio_release,449c184ed23c,1,https://github.com/qemu/qemu/commit/449c184ed23c,retval
QEMU,qemu_opts_create,qemu_opts_del,"8df3abfceef5
315859312628
7b17ce60cc58
c317b646d752
810f4f86b7eb",5,"https://github.com/qemu/qemu/commit/8df3abfceef5
https://github.com/qemu/qemu/commit/315859312628
https://github.com/qemu/qemu/commit/7b17ce60cc58
https://github.com/qemu/qemu/commit/c317b646d752
https://github.com/qemu/qemu/commit/810f4f86b7eb",retval
QEMU,g_string_new,g_string_free,b6d003dbee81,1,https://github.com/qemu/qemu/commit/b6d003dbee81,retval
QEMU,build_alloc_array,build_free_array,16771613a898,1,https://github.com/qemu/qemu/commit/16771613a898,retval
QEMU,vscsi_get_req,vscsi_put_req,a4d8e8daee32,1,https://github.com/qemu/qemu/commit/a4d8e8daee32,retval
QEMU,g_renew,g_free,eceba3477e7f,1,https://github.com/qemu/qemu/commit/eceba3477e7f,retval
QEMU,qemu_mallocz,qemu_free,3aee288bc8e1,1,https://github.com/qemu/qemu/commit/3aee288bc8e1,retval
QEMU,object_new,object_unref,"bce410a33b9e
dbb74759fae6
27607c1cdc0d
265804b5d755
28ec2598ff7d",5,"https://github.com/qemu/qemu/commit/bce410a33b9e
https://github.com/qemu/qemu/commit/dbb74759fae6
https://github.com/qemu/qemu/commit/27607c1cdc0d
https://github.com/qemu/qemu/commit/265804b5d755
https://github.com/qemu/qemu/commit/28ec2598ff7d",retval
QEMU,object_property_get_str,g_free,"72a841d2a403
8a9e0e7b890b
2d3e302ec224",3,"https://github.com/qemu/qemu/commit/72a841d2a403
https://github.com/qemu/qemu/commit/8a9e0e7b890b
https://github.com/qemu/qemu/commit/2d3e302ec224",retval
QEMU,qemu_fopen_channel_output,qemu_fclose,96994fd1e4e0,1,https://github.com/qemu/qemu/commit/96994fd1e4e0,retval
QEMU,qemu_allocate_irqs,g_free,"f5f72e8f31f2
ac64c5fdf8c1",2,"https://github.com/qemu/qemu/commit/f5f72e8f31f2
https://github.com/qemu/qemu/commit/ac64c5fdf8c1",retval
QEMU,qdev_get_dev_path,g_free,"9ef617246b62
128e4e108949",2,"https://github.com/qemu/qemu/commit/9ef617246b62
https://github.com/qemu/qemu/commit/128e4e108949",retval
QEMU,fopen,fclose,"c8e68b43e11b
90527d2a8bb0",2,"https://github.com/qemu/qemu/commit/c8e68b43e11b
https://github.com/qemu/qemu/commit/90527d2a8bb0",retval
QEMU,qio_channel_socket_get_local_address,qapi_free_SocketAddress,"7791acaf3d18
5e78bc6a47dd",2,"https://github.com/qemu/qemu/commit/7791acaf3d18
https://github.com/qemu/qemu/commit/5e78bc6a47dd",retval
QEMU,g_strdup_vprintf,g_free,"e42de189e8ea
ad824bdc63d9
fc34059f0806",3,"https://github.com/qemu/qemu/commit/e42de189e8ea
https://github.com/qemu/qemu/commit/ad824bdc63d9
https://github.com/qemu/qemu/commit/fc34059f0806",retval
QEMU,qemu_find_file,qemu_free,"386bbf45720b
e98ccb3fbba9
9f953ca0b8ae",3,"https://github.com/qemu/qemu/commit/386bbf45720b
https://github.com/qemu/qemu/commit/e98ccb3fbba9
https://github.com/qemu/qemu/commit/9f953ca0b8ae",retval
QEMU,qobject_input_visitor_new,visit_free,"be39110d4cbf
1e25879e6f83",2,"https://github.com/qemu/qemu/commit/be39110d4cbf
https://github.com/qemu/qemu/commit/1e25879e6f83",retval
QEMU,qemu_open,close,"1bbd1592c89a
d4f4a3efdf0a",2,"https://github.com/qemu/qemu/commit/1bbd1592c89a
https://github.com/qemu/qemu/commit/d4f4a3efdf0a",retval
QEMU,qemu_input_event_new_key,qapi_free_InputEvent,fca4774a9684,1,https://github.com/qemu/qemu/commit/fca4774a9684,retval
QEMU,qobject_output_visitor_new,visit_free,a1d4e38a8b01,1,https://github.com/qemu/qemu/commit/a1d4e38a8b01,retval
QEMU,opendir,closedir,b1b9ab1c04d5,1,https://github.com/qemu/qemu/commit/b1b9ab1c04d5,retval
QEMU,object_class_get_list,g_slist_free,02f292d9051f,1,https://github.com/qemu/qemu/commit/02f292d9051f,retval
QEMU,g_strsplit,g_strfreev,"adb464ff671d
f156f2385ff7",2,"https://github.com/qemu/qemu/commit/adb464ff671d
https://github.com/qemu/qemu/commit/f156f2385ff7",retval
QEMU,bdrv_new,bdrv_open,"a16c174c51e7
06b611c48edb",2,"https://github.com/qemu/qemu/commit/a16c174c51e7
https://github.com/qemu/qemu/commit/06b611c48edb",retval
QEMU,g_strdup,g_free,"bff39b6360ee
c3157b74c47f
3c08f4a4335c",3,"https://github.com/qemu/qemu/commit/bff39b6360ee
https://github.com/qemu/qemu/commit/c3157b74c47f
https://github.com/qemu/qemu/commit/3c08f4a4335c",retval
QEMU,json_message_parser_init,json_message_parser_destroy,47116d1c90cd,1,https://github.com/qemu/qemu/commit/47116d1c90cd,arg0
QEMU,qemu_opts_append,qemu_opts_free,3ecd5a4f19fd,1,https://github.com/qemu/qemu/commit/3ecd5a4f19fd,retval
QEMU,ahci_command_create,ahci_command_free,248de4a89915,1,https://github.com/qemu/qemu/commit/248de4a89915,retval
QEMU,qpci_device_find,g_free,"ea53854a54bc
1bab33ab4ab4
fb6faea888c1",3,"https://github.com/qemu/qemu/commit/ea53854a54bc
https://github.com/qemu/qemu/commit/1bab33ab4ab4
https://github.com/qemu/qemu/commit/fb6faea888c1",retval
QEMU,g_memdup,g_free,18557e646b9d,1,https://github.com/qemu/qemu/commit/18557e646b9d,retval
QEMU,g_source_attach,g_source_unref,b65cb867cc13,1,https://github.com/qemu/qemu/commit/b65cb867cc13,arg0
QEMU,qtest_qmp,qobject_unref,"3e829c046896
73624e04a538
f8e3df09d2a1",3,"https://github.com/qemu/qemu/commit/3e829c046896
https://github.com/qemu/qemu/commit/73624e04a538
https://github.com/qemu/qemu/commit/f8e3df09d2a1",retval
Redis,createSentinelAddr,releaseSentinelAddr,eff212ea959e,1,https://github.com/redis/redis/commit/eff212ea959e,retval
Redis,open,close,a8c08b9b7668,1,https://github.com/redis/redis/commit/a8c08b9b7668,retval
Redis,rdbLoadObject,decrRefCount,6a814501448c,1,https://github.com/redis/redis/commit/6a814501448c,retval
Redis,fopen,fclose,"a06d59b583e3
4aec2ec8c422",2,"https://github.com/redis/redis/commit/a06d59b583e3
https://github.com/redis/redis/commit/4aec2ec8c422",
Redis,createStringObject,decrRefCount,4c8f23700b29,1,https://github.com/redis/redis/commit/4c8f23700b29,
Git,xmalloc,free,"f0b1f1ece71a
019d1e65f5bc
0caea90be0e5
df005219dd4a
20fbfd869fe8
adee7bdf5041",6,"https://github.com/git/git/commit/f0b1f1ece71a
https://github.com/git/git/commit/019d1e65f5bc
https://github.com/git/git/commit/0caea90be0e5
https://github.com/git/git/commit/df005219dd4a
https://github.com/git/git/commit/20fbfd869fe8
https://github.com/git/git/commit/adee7bdf5041",retval
Git,xcalloc,free,"730b02003070
5d0b9bf86d98
62af89697940
399f0a8eedee
9c1a6c2bf837
59efba64ac14",6,"https://github.com/git/git/commit/730b02003070
https://github.com/git/git/commit/5d0b9bf86d98
https://github.com/git/git/commit/62af89697940
https://github.com/git/git/commit/399f0a8eedee
https://github.com/git/git/commit/9c1a6c2bf837
https://github.com/git/git/commit/59efba64ac14",retval
Git,read_sha1_file,free,"bbf4b41baff1
5b8a94b1db4b
1efb1e9a21d1
64045940af05
05c2b7ba49e3
d687839c2962
1cf58e72225f
0b1f113075aa",8,"https://github.com/git/git/commit/bbf4b41baff1
https://github.com/git/git/commit/5b8a94b1db4b
https://github.com/git/git/commit/1efb1e9a21d1
https://github.com/git/git/commit/64045940af05
https://github.com/git/git/commit/05c2b7ba49e3
https://github.com/git/git/commit/d687839c2962
https://github.com/git/git/commit/1cf58e72225f
https://github.com/git/git/commit/0b1f113075aa",retval
Git,opendir,closedir,"a9930e359c45
8be707de55e4
5b35bcd53a1c",3,"https://github.com/git/git/commit/a9930e359c45
https://github.com/git/git/commit/8be707de55e4
https://github.com/git/git/commit/5b35bcd53a1c",retval
Git,xstrdup,free,"8c29b497946f
1a845a2c88e5
27ff1fbc5dd5",3,"https://github.com/git/git/commit/8c29b497946f
https://github.com/git/git/commit/1a845a2c88e5
https://github.com/git/git/commit/27ff1fbc5dd5",retval
Git,get_default_remote,free,"e6be8e2f9f87
41a86b64c093",2,"https://github.com/git/git/commit/e6be8e2f9f87
https://github.com/git/git/commit/41a86b64c093",retval
Git,alloc_commit_graph,free,98552f252ad4,1,https://github.com/git/git/commit/98552f252ad4,retval
Git,open_pack_file,free,c85228ed8f31,1,https://github.com/git/git/commit/c85228ed8f31,retval
Git,setup_unpack_trees_porcelain,clear_unpack_trees_porcelain,"9a863b3358b8
6e658547d355",2,"https://github.com/git/git/commit/9a863b3358b8
https://github.com/git/git/commit/6e658547d355",arg0
Git,strbuf_split_max,strbuf_list_free,"f3af71c947cd
6eb6078bf5fd",2,"https://github.com/git/git/commit/f3af71c947cd
https://github.com/git/git/commit/6eb6078bf5fd",retval
Git,strbuf_addf,strbuf_release,edfc744918fb,1,https://github.com/git/git/commit/edfc744918fb,arg0
Git,strvec_push,strvec_clear,9e39acc94ad4,1,https://github.com/git/git/commit/9e39acc94ad4,arg0
Git,parse_fetch_refspec,free,"d8ead1596389
50b677328750",2,"https://github.com/git/git/commit/d8ead1596389
https://github.com/git/git/commit/50b677328750",retval
Git,split_cmdline,free,5d2993b6eabb,1,https://github.com/git/git/commit/5d2993b6eabb,arg0
Git,xstrfmt,free,"5308224633cf
652891de4ff1",2,"https://github.com/git/git/commit/5308224633cf
https://github.com/git/git/commit/652891de4ff1",retval
